sector,cumulative_mismatch,years_analyzed,avg_annual_mismatch
Public,19.27634273875198,10,1.927634273875198
Private,38.80487996923589,10,3.880487996923589
