profession,records,total_count,avg_count,min_count,max_count
Nurse,126,469457,3725.8492063492063,29,21373
Doctor,78,149003,1910.2948717948718,193,5166
Pharmacist,42,32349,770.2142857142857,133,1616
