sector,records,total_count,avg_count
Public,82,385621,4702.695121951219
Private,82,183681,2240.012195121951
